id|filename|company
0|JD_KDCREIT%20-%20Asset%20Mgt_Analyst_2017.pdf|Keppel
1|5f4c7c69049c32670176932fd1d305271372e912.pdf|Keppel
2|20100319_214216_BN4_F6859A6425BC8427482576EB00331260.1.pdf|Keppel
3|businessassociatelist--1-.xlsx|Keppel
4|WSHA2011%20Winners_8%20Aug.pdf|Keppel
5|sin63964.doc|Keppel
6|KOMTechnology%20StrategyJuly03v3.pdf|Keppel
7|Keppel%20REIT_AR2016.pdf|Keppel
8|pre_13sep2010_n2.pdf|Keppel
9|Dec06.xls|Keppel
10|04_April_2016.pdf|Keppel
11|bmap_text_8.doc|Keppel
12|KCL_AR2014_Operating_Financial_Review.pdf|Keppel
13|02_February_2016.pdf|Keppel
14|nfholdings_1721961_0917.xlsx|Keppel
15|standcontributorspre1999.xls|Keppel
16|KLL_SR2011.pdf|Keppel
17|grants.xls|Keppel
18|inSYNC_ecopy.pdf|Keppel
19|Dr%20Rob%20Kelly%20-%20Keppel%20Fels%20Loadout%20Speech.doc|Keppel
20|Ads.pdf|Keppel
21|Handout-oct14-final-version-17-10-2014.docx|Keppel
22|REP-1437137611.pdf|Keppel
23|PALS-Bar-Ops-Pilipinas-Must-Read-Cases-CIVIL-2015.docx|Keppel
24|om10_mar%20april%202010.pdf|Keppel
25|2016%20jan-february%20issue.pdf|Keppel
26|Allianz-Hongkou-SOHO_EN.pdf|Keppel
27|53_11338.pdf|Keppel
28|nfa_list.xls|Keppel
29|STAT%20379s08%20study%20guide.doc|Keppel
30|Classifying-Serial-Sexual-Murder-Murderers-An-Attempt-to-Validate-Keppel-and-Walters-1999-Model.pdf|Keppel
31|TPG500%20Loadout%20press%20release%20July%202004.doc|Keppel
32|Submission+to+the+Human+Rights+and+Equal+Opportunity+Commission.doc|Keppel
33|BDO-LTNCTD-Due-2020-Final-OC.pdf|Keppel
34|intergraph_marineeditioninsight.pdf|Keppel
35|CYP%20Meeting%20May%202017docx.docx|Keppel
36|Rule_Ann-Kiss_Me_Kill_Me.doc|Keppel
37|KCL_AR2015_Keppel_Group_Boards_of_Directors.pdf|Keppel
38|CG2011.pdf|Keppel
39|B4_2_TUAN-Loh-Ah_Keppel-Seghers-Engineering-Singapore.pdf|Keppel
40|KCL.pdf|Keppel
41|River-Oaks-IL-14-_-CHR-Library-Books1.xlsx|Keppel
42|How%20to%20complete%20the%20PIF%20guidance%20draft%20v0.5.doc|Keppel
43|April.pdf|Keppel
44|Baku-inauguration-panels.pdf|Keppel
45|2015%20nov-december%20issue.pdf|Keppel
46|kepinfratrust-dbs-170417.pdf|Keppel
47|Keppel%20Shipyard%20Brochure.pdf|Keppel
48|299295322.pdf|Keppel
49|SUMATRA_INTERNEES.doc|Keppel
50|Singapore%20Rig%20Builders%20-%20Keppel,%20SembMarine%20-%20In%20the%20midst%20of%20a%20perfect%20storm%20-%20JPM%209%20Jan.pdf|Keppel
51|consumersovereigntyantitrustlaw1997.doc|Keppel
52|OSHA_shipyard_industry.pdf|Keppel
53|Time-s-Excel-Tanker-incidents.xls|Keppel
54|otc-history-sample.xls|Keppel
55|US%20syllabus%202015.pdf|Keppel
56|singapore.pdf|Keppel
57|DRFS-12.pdf|Keppel
58|BasicChristian_Info_News_Feed_Complete.docx|Keppel
59|KPH-GIS_2014_-_Amended.pdf|Keppel
60|KTP_13AR_en.pdf|Keppel
61|12_December_2015.pdf|Keppel
62|AB2-2016.pdf|Keppel
63|03_March_2016.pdf|Keppel
64|GMs%20of%20England.doc|Keppel
65|02224.doc|Keppel
66|0c960529f49c2bd6f5000000.pdf|Keppel
67|Student%20Bulletin%201.docx|Keppel
68|BRD-October.xlsx|Keppel
69|sr_2012_96370.pdf|Keppel
70|Annual-Report-2010.pdf|Keppel
71|013.xls|Keppel
72|2017-DeepwaterPoster-D6-Ads.pdf|Keppel
73|8ddd18230fa8604ca472dac0be9618dd.pdf|Keppel
74|pcal_action_3_26.docx|Keppel
75|KCL_AR2014_Product_Excellence.pdf|Keppel
76|bijalkvp.doc|Keppel
77|07_July_2016.pdf|Keppel
78|71ccf886dec91f39fda7f209fc4e67e88186c677.pdf|Keppel
79|AB2-2017.pdf|Keppel
80|FDI%20in%20India%20%E2%80%93%20Specific%20to%20Registered%20Real%20estate.doc|Keppel
81|SG.CompleteData1990.xls|Keppel
82|KCL_AR2014_Risk_Management.pdf|Keppel
83|CV_MAY_2013.pdf|Keppel
84|39_84586.pdf|Keppel
85|KepREIT_AR2015_Full_Report.pdf|Keppel
86|2011_January.pdf|Keppel
87|Current%20Week%27s%20PTC.xls|Keppel
88|News1212.doc|Keppel
89|KLL_AR2003.pdf|Keppel
90|2016_07_06_Singapore_Final_Country_Report.pdf|Keppel
91|AB4-2016.pdf|Keppel
92|CG2014.pdf|Keppel
93|K-Greentrust%20A4%20Cover_Final.pdf|Keppel
94|03_March_2015.pdf|Keppel
95|P020160628597921671163.doc|Keppel
96|Research+Design.doc|Keppel
97|annex%20a%20list%20of%20wsh%20awards%202011%20winners.pdf|Keppel
98|DA-17-796A1.docx|Keppel
99|PIF__06-24-2013_.xls|Keppel
100|2012-CORRECT-Leading-Lights-Event-Press-Release1.docx|Keppel
101|1075751457129.doc|Keppel
102|KCL_AR2015_Product_Excellence.pdf|Keppel
103|CultureSAFE_Participating_Co_1Feb2015.xlsx|Keppel
104|Londen_Final.pdf|Keppel
105|Suggested%20Student%20Book%20Report%20List.docx|Keppel
106|price.xls|Keppel
107|KLL_AR2002a.pdf|Keppel
108|2011_September.pdf|Keppel
109|keppel_wickens_design_and_analysis.pdf|Keppel
110|KCL_AR2015_Group_Structure.pdf|Keppel
111|Long%20Term%20Memory.doc|Keppel
112|BRD-Jan-2017.xlsx|Keppel
113|Department%20of%20Health%20Murray%20Motion%202013.xlsx|Keppel
114|Sept2016ebooks.xlsx|Keppel
115|Dec.pdf|Keppel
116|GOM.xlsx|Keppel
117|00b4953c6710106104000000.pdf|Keppel
118|2017%202q%20issue.pdf|Keppel
119|KeppelNotesSeries1.pdf|Keppel
120|Report-to-Unitholders-2012.pdf|Keppel
121|order_form_sis_2015_2016.xls|Keppel
122|KLL_AR2004.pdf|Keppel
123|Keppel_Offshore_Marine.pdf|Keppel
124|ECCOI_SocialSciences.xlsx|Keppel
125|GBR_Outlook_2014_Chapter5_Commercial_and_non_commercial_use.docx|Keppel
126|e008682.draft-revisions.pdf|Keppel
127|SDAT_Holdings.xls|Keppel
128|om%20jan-feb%202011.pdf|Keppel
129|20160316-Labor-labels-Great-Keppel-Island-insignificant-SPRINGBORG.pdf|Keppel
130|54214cdb0cf2ce3a91b6e2bd.pdf|Keppel
131|CDE-UC%20Approved%20CTE%20Courses%202013-14.doc|Keppel
132|DMH_IBHIS_Dictionary_Values_v3_9_6.xls|Keppel
133|all-states.xls|Keppel
134|AOD_Pareto_Conference_07062011.pdf|Keppel
135|KLL_in_China_Feb2004.pdf|Keppel
136|Sprott_Jason_2010.pdf|Keppel
137|KLL_AR2009.pdf|Keppel
138|list-of-workplace-fatalities.pdf|Keppel
139|Adore+Home+Magazine+2_Stockists+List.xlsx|Keppel
140|2013110512-21-2013_July_issue.pdf|Keppel
141|Report-to-Unitholders-2013.pdf|Keppel
142|2014080409-59-2014_July_Issue.pdf|Keppel
143|sr_2011_96370.pdf|Keppel
144|59878_Russia%20100401.doc|Keppel
145|mar16.pdf|Keppel
146|sep.pdf|Keppel
147|Lewin_130908_Sup.pdf|Keppel
148|2016.05.09%20May%20Minutes.pdf|Keppel
149|AB3Q2012.pdf|Keppel
150|Full%20Council%20Minutes%2019-06-17%20(FINAL).pdf|Keppel
151|32_18742.pdf|Keppel
152|%DA%A9%D9%88%DA%A9%D8%A8.xls|Keppel
153|CG2012.pdf|Keppel
154|KGT1Q2014%20Results.pdf|Keppel
155|Cuba+Oil+AFF+-+GMP+-+MGW+13.docx|Keppel
156|freund.doc|Keppel
157|184e67fe3df641980f64ec3789d6d730cd59b0a7.pdf|Keppel
158|sigdatabasecohort2.xls|Keppel
159|peza_firms_03-31-2013.xls|Keppel
160|Notes_from_readings.docx|Keppel
161|20170804%20Data%20Centre%20Asset%20Management%20Analyst%20%5BKeppel%20Capital%5D.pdf|Keppel
162|Wetherby-and-Keppel-Web-2016.pdf|Keppel
163|m0880700.pdf|Keppel
164|AB4Q-2013.pdf|Keppel
165|cad_ar2016_web%20version.pdf|Keppel
166|2009_069.doc|Keppel
167|24122137.pdf|Keppel
168|Keppel%20Offshore%20&%20Marine%20Brochure.pdf|Keppel
169|Singapore_Salary_press_release_Dec_2011_Salary_outlook_still_positive_despite_subdued_economy.pdf|Keppel
170|THE-PROCESS-OF-TRAFFICKING-IN-HUMAN-BEINGS-PHASES-OF-COMMITING-THE-CRIME.pdf|Keppel
171|i_LanguageLiterature_200804.xls|Keppel
172|prospectus.pdf|Keppel
173|falkland_island_journal_article_list_1967_-2008.xls|Keppel
174|Job%20description.docx|Keppel
175|SSA2211.docx|Keppel
176|20150513140641463.xls|Keppel
177|A-K.xls|Keppel
178|Oct.pdf|Keppel
179|gr_202050_2016.pdf|Keppel
180|89301508197d40f17984d62f86679ca3.pdf|Keppel
181|mentor_app_form_p57-59.doc|Keppel
182|KLL_AR2011.pdf|Keppel
183|contract_of_employment.doc|Keppel
184|2011_August.pdf|Keppel
185|160906_KIT-Investor-Presentation.pdf|Keppel
186|1894acts_et.pdf|Keppel
187|list+of+books+on+political+sciences+2010.xls|Keppel
188|KLL_SR2010.pdf|Keppel
189|55d5824a08ae6788fa3531f0.pdf|Keppel
190|circular-to-unitholders-2014.pdf|Keppel
191|KCL_AR2014_Key_Executives.pdf|Keppel
192|K-REIT-Asia-AR2011.pdf|Keppel
193|complete_leaps_list.xls|Prudential
194|us-fsi-international-insurance-capital-standards.pdf|Prudential
195|Constitutional-Law-Manheim-2015.docx|Prudential
196|AttendeeListing-DSM.xls|Prudential
197|DFSA_AFN_AML_VER1.docx|Prudential
198|GL.2014.192-life-dis.pdf|Prudential
199|2013523_prudentialprivilege.pdf|Prudential
200|PrudentialULRepriced&Enhanced.pdf|Prudential
201|0218177_Final_Business_Strategies_Planner.xlsx|Prudential
202|2010-05-18e.pdf|Prudential
203|ACI%20Economic%20Sanctions%20DC%20-%20April%202016.pdf|Prudential
204|finexam_rpt68241prudam.pdf|Prudential
205|ocso-bomb_threat_samepage-brochure.pdf|Prudential
206|M7%20C3%20b%20ANG.docx|Prudential
207|Agenda%20Jan%2022.doc|Prudential
208|icici_comman_sip_stp_swp_dtp_sip_PLUS_WITH_FATCA_FORM.pdf|Prudential
209|ppr_pros_3.pdf|Prudential
210|Carter-Strategic-Recruitment.xlsx|Prudential
211|attendees-as-of-10.xls|Prudential
212|Companies-issued-with-Permits-2015.xlsx|Prudential
213|Annex_2.doc|Prudential
214|pru-165-1512.pdf|Prudential
215|YOU%20DECIDE%20-%20STUDY%20SITE_1.doc|Prudential
216|Annual_Report_2011.pdf|Prudential
217|pillar-3_prtwp010.pdf|Prudential
218|2013_04.xls|Prudential
219|analyst_epcrs-rps-2016_51_0517.pdf|Prudential
220|c11-attendeelist-public.xls|Prudential
221|New401k_457InvestmentOption.pdf|Prudential
222|Annex%20XI-Instruction-Guide-for-Completing-the-Data-Collection-Template.docx|Prudential
223|W020170524853108200162.pdf|Prudential
224|nfa_list.xls|Prudential
225|IPBF10299.pdf|Prudential
226|51945_BGL_OGL_Retirees_Ed_06-2015,2.pdf|Prudential
227|Prudential_C2S.pdf|Prudential
228|PensAnalyst_final415regs_DB.pdf|Prudential
229|IPBB10147.pdf|Prudential
230|gsp2014.pdf|Prudential
231|fourteen.docx|Prudential
232|2015-sustainability-infographic-for-website.pdf|Prudential
233|PruLicensing.pdf|Prudential
234|SP%20Annuity%20One%20Prospectus.pdf|Prudential
235|avrupa_birligi_bakanliginda_mevcut_olan_ab_mevzuati_cevirilerine_iliskin_envanter_tablosu.xlsx|Prudential
236|PRIAC_GA_Report.pdf|Prudential
237|ORD_112175.pdf|Prudential
238|Young%202.0.docx|Prudential
239|IGP-PRU-PRODUCER.pdf|Prudential
240|All_BizCLIR_Indicators.xls|Prudential
241|Housing-finance-Prudential-Regulation.docx|Prudential
242|CDD-Strict-Compliance-BPRD-Cltr-04-of-2012.pdf|Prudential
243|FINAL%20-Super%20-%20Approved%20Audit%20Form%20(2015-2016).docx|Prudential
244|DutiesOneself.doc|Prudential
245|sec_ia_notice_filer_list.xls|Prudential
246|terrorism_17apr02.pdf|Prudential
247|Lastra%20Interaction%20between%20monetary%20policy%20and%20bank%20regulation%202015%20Published.docx|Prudential
248|Prudential-Bulletin-2013-Quarter-2.pdf|Prudential
249|PriceDropOUP.xlsx|Prudential
250|16-56829.pdf|Prudential
251|Contact%20List.xlsx|Prudential
252|Longworth.docx|Prudential
253|ml%20scheme%20website.doc|Prudential
254|ACI-AML-OFAC-Compliance-for-Insurance-Brochure.pdf|Prudential
255|201408.xlsx|Prudential
256|SuperMatch2_Terms_and_conditions_v6_0.doc|Prudential
257|hhc-road-ahead-report.pdf|Prudential
258|GL.2015.035-7-TX-LD.pdf|Prudential
259|GL.2007.015.pdf|Prudential
260|prtbr015-a-guide-to-prudential's-group-annuity.pdf|Prudential
261|March%2027%20Registrants.xls|Prudential
262|Lobby2016.xlsx|Prudential
263|wps6286.pdf|Prudential
264|IPBB10252.pdf|Prudential
265|2011-Summer-Report-PCMinutes.doc|Prudential
266|CPA_final_ERISA204h_notice.pdf|Prudential
267|PrudentialGlobalEconomicOutlook-August.pdf|Prudential
268|GL.98.761-NY.pdf|Prudential
269|email.xls|Prudential
270|1Q04MDA.pdf|Prudential
271|2017.xlsx|Prudential
272|c12_public.xls|Prudential
273|new-prudential-prospectus.pdf|Prudential
274|Absolute%20Assignment.pdf|Prudential
275|be3f8cc738c99e668.pdf|Prudential
276|ADB%20Systemic%20Risk%20and%20Macroprudential%20Regulation%20-%20Final%20-%20March%202011.pdf|Prudential
277|Pru_PA_IRS_issues_benefit_restriction_regulations.pdf|Prudential
278|master_more_easy_pran_form.xls|Prudential
279|CPA_iipao1001i.pdf|Prudential
280|GL.2012.228.pdf|Prudential
281|wp1220.pdf|Prudential
282|csrf1_form.xls|Prudential
283|ACG_InterGrowth_2016_Attendees.xls.xlsx|Prudential
284|300411_BR3.pdf|Prudential
285|cp97.doc|Prudential
286|2004-2014-Master-List.xlsx|Prudential
287|Scott1.doc|Prudential
288|theme1b_generalreport.doc|Prudential
289|The%20Case%20For%20CRE%20PRU.pdf|Prudential
290|analysis051107.xls|Prudential
291|PressRelease_CircleofExcellenceAwards2013.docx|Prudential
292|lihtc_online.xlsx|Prudential
293|SPPlus.pdf|Prudential
294|2016_Sustainability_Report.pdf|Prudential
295|alice-data.xlsx|Prudential
296|Prudential_Financial_Inc_Tokyo_Investor_Day_2008_WEBCAST.pdf|Prudential
297|AU-Employer_Directory_web.pdf|Prudential
298|eu_supplement_2013_10.doc|Prudential
299|10.1007%2Fs10551-010-0597-8.pdf|Prudential
300|Decree%20on%20Prudential%20Rules%20under%20the%20FSA%202015%20-%20website.docx|Prudential
301|Presentation.pdf|Prudential
302|Top%20500%20firms%20in-House%20Counsel.xls|Prudential
303|ORD_04457.pdf|Prudential
304|gn0902-comparable-laws-february-2009.docx|Prudential
305|CEIOPS-public-database-treatement-3rd-country-reinsurers.xls|Prudential
306|54288_WCBA_Life_Form.pdf|Prudential
307|NC401kPlanFeatures.pdf|Prudential
308|click-here.xlsx|Prudential
309|ORD_03994.pdf|Prudential
310|product-approval-list.xls|Prudential
311|51-235745.pdf|Prudential
312|FourthPillarRetirementChoices5-10-07FINAL.pdf|Prudential
313|AttendanceList.xls|Prudential
314|SDAT_Holdings.xls|Prudential
315|Canadian-2017-Comprehensive-List.xlsx|Prudential
316|WCABForumDec2012.doc|Prudential
317|GL.2003.114.pdf|Prudential
318|EBF-Call-for-evidence-table-January-2016.xlsx|Prudential
319|Servicing_Terms.pdf|Prudential
320|Insurance-Bernstein1.doc|Prudential
321|Item%201.doc|Prudential
322|1445960738_Prudential.pdf|Prudential
323|nscc.xls|Prudential
324|prudential---estate-equalization-calculator.xlsx|Prudential
325|WM_15_SRPProgress_November%202012.xlsx|Prudential
326|SE_Non-Bank-Payments_14-38-DASP-EN_APU%20PPT.pdf|Prudential
327|Prudential_Due_Diligence_Memo.pdf|Prudential
328|Prudential_Sustainability_Report.pdf|Prudential
329|Commercial-Meiklejohn1-01.doc|Prudential
330|osc_right_to_work-(1).pdf|Prudential
331|Countering%20Appeal%20of%20Psychological%20Aproach%20to%20Identity.doc|Prudential
332|PrudDisgnCorp.xls|Prudential
333|prudential-ar2014_0221.pdf|Prudential
334|2015-cc-hartford-prudential.pdf|Prudential
335|RS21904_2014Mar13.pdf|Prudential
336|Advisory_NondiscriminationRules_0616.pdf|Prudential
337|ModifiedRAC-CB-1108.pdf|Prudential
338|Prudential_Sustainability_Report_2012.pdf|Prudential
339|2014%20ILTCI%20Attendee%20List%203-16.xls|Prudential
340|2017091217070118828.docx|Prudential
341|press-release_IP-14-1228_en.doc|Prudential
342|TAVK0789.pdf|Prudential
343|risk-officer_prudential_jd_sept16.docx|Prudential
344|54293-QCBA-Life-Form-WEB.pdf|Prudential
345|Financial_Report.xlsx|Prudential
346|Dodd-Frank_Initial%20Costs_1.xlsx|Prudential
347|LTD-Enrollment-Form-Non-Exempt.pdf|Prudential
348|1-14-14%20Prudential%20Presentation.pdf|Prudential
349|Sample_510_525C_ACC_Session_803_Penalty_-_Holding_on_the_Offense.docx|Prudential
350|AAStudy.pdf|Prudential
351|eligibility-BRI.docx|Prudential
352|Caprio_2003_Bank_regulation_survey_3-5-04.xls|Prudential
353|prupv_series_prospectus.pdf|Prudential
354|Pru-2013-Estate-Tax-Calculator-w-State-Taxes.xls|Prudential
355|OECD+reformdatabase+-+webversion.xlsx|Prudential
356|Pru_Women_Study_2014.pdf|Prudential
357|asia-carousel-3-driving-quality-growth.pdf|Prudential
358|159810_NCPERS_enroll_bene_generic16_Fillable_rf.pdf|Prudential
359|Pru-BrokerAgreement-Licensing.pdf|Prudential
360|FY15-Excel-ready-to-post.xlsx|Prudential
361|GL.2016.122.pdf|Prudential
362|eBook.docx|Prudential
363|PruPA-fundinglimitnotice-final.pdf|Prudential
364|Mumbai%20PPN-List%20of%20Hospitals.xlsx|Prudential
365|gns-4-4-3-10-acquiring-transaction-notification-form.doc|Prudential
366|Prudential-Bulletin-2011-Quarter-4-2011.pdf|Prudential
367|Lobby2015.xlsx|Prudential
368|credit_reporting_in_financial_regulation_and_supervision-for_public_consultation.docx|Prudential
369|PruLife_Universal_%20Protector.pdf|Prudential
370|GUST_Extension_Bulletin.pdf|Prudential
371|2015%20FIO%20Annual%20Report_Final.pdf|Prudential
372|GRES_Flash_Report_Prudential_September_2015.pdf|Prudential
373|Visual.Summary.Foreign%20Banks.Dodd_.Frank_.Enhanced.Prudential.Standards.Final_.Rule_.pdf|Prudential
374|SP_1011_0605.pdf|Prudential
375|oneva-ea-compare-report-0306141.xlsx|Prudential
376|attendees.xlsx|Prudential
377|DCP-Gen-Info-Brochure_2013.pdf|Prudential
378|AreStructuresSaferThanCash.doc|Prudential
379|FINAL-2014MAGweb.pdf|Prudential
380|10016565.xls|Prudential
381|Profile-SRM_Partners_final.doc|Prudential
382|Electronic_Discovery_2004.doc|Prudential
383|fsa-prudential-plc.pdf|Prudential
384|Insurance%20(Prudential%20Standards)%20(Class%20C,%20Class%20D%20and%20Class%20E%20Solvency%20Requirement)%20Rules%202011.pdf|Prudential
385|201407.xlsx|Prudential
386|bcbs195.pdf|Prudential
